sym,n_bars,split,n_train,skill24_train,n_test,skill24_test
000019.SZ,34994,23096,703,0.0103,337,0.039
000042.SZ,34994,23096,589,0.0023,237,-0.0208
000065.SZ,34994,23096,485,-0.0174,178,0.1361
000157.SZ,34994,23096,561,0.0738,320,0.1049
000415.SZ,34994,23096,717,0.0968,329,-0.0076
000498.SZ,5000,3300,131,-0.0008,53,0.0575
000514.SZ,34994,23096,879,0.0945,354,0.0628
000532.SZ,34994,23096,440,0.0158,213,0.0807
000548.SZ,34994,23096,709,0.0472,328,0.0645
000566.SZ,34994,23096,754,0.0173,376,-0.0148
000592.SZ,34994,23096,429,-0.1082,239,0.0385
000610.SZ,34994,23096,581,-0.0766,286,-0.104
000631.SZ,34994,23096,836,0.1326,423,0.1323
000661.SZ,34994,23096,247,-0.0364,123,-0.0423
000686.SZ,34994,23096,710,0.0258,289,0.017
000709.SZ,34994,23096,1020,0.131,589,0.1623
000726.SZ,34994,23096,743,0.038,384,0.0301
000755.SZ,34994,23096,892,0.0615,368,0.0377
000777.SZ,34994,23096,348,-0.0328,189,-0.0151
000796.SZ,34994,23096,760,0.0237,428,0.0973
000812.SZ,34994,23096,902,0.0552,410,0.0184
000830.SZ,34994,23096,342,0.0094,211,0.0278
000869.SZ,34994,23096,420,0.0055,211,0.0051
000893.SZ,34994,23096,253,-0.0183,113,-0.0358
000912.SZ,34994,23096,809,0.0406,456,0.0575
000928.SZ,5000,3300,92,0.0281,56,0.0296
000948.SZ,29995,19796,380,0.0586,199,-0.0102
000962.SZ,34994,23096,316,-0.0896,169,-0.0541
000981.SZ,34994,23096,924,0.119,482,0.0653
001207.SZ,34994,23096,338,0.1006,166,-0.0083
001223.SZ,34994,23096,258,0.0235,157,-0.1247
001238.SZ,34994,23096,264,0.0458,145,-0.0796
001277.SZ,9999,6599,74,0.0153,42,0.0657
001301.SZ,34994,23096,249,0.0462,132,-0.0438
001324.SZ,34994,23096,355,0.094,163,0.0777
001356.SZ,34994,23096,657,0.0027,284,0.0055
001379.SZ,29995,19796,300,-0.0111,155,0.0947
001965.SZ,5000,3300,64,0.1049,37,0.0224
002010.SZ,14998,9898,370,0.031,182,-0.0006
002024.SZ,34994,23096,1213,0.3116,616,0.4179
002040.SZ,34994,23096,613,0.0377,280,-0.0648
002051.SZ,34994,23096,631,-0.0571,231,-0.0625
002067.SZ,34994,23096,818,0.0998,378,0.0953
002084.SZ,29995,19796,708,0.0272,281,0.0978
002097.SZ,34994,23096,598,0.0576,265,0.0612
002108.SZ,34994,23096,797,0.134,373,0.0624
002124.SZ,34994,23096,1103,0.1635,529,0.1407
002136.SZ,34994,23096,425,0.0543,180,0.0399
002154.SZ,29995,19796,872,0.036,332,0.0421
002167.SZ,34994,23096,440,0.0095,203,-0.1888
002177.SZ,34994,23096,604,0.1023,298,-0.0265
002190.SZ,24996,16497,250,0.0038,116,0.1112
002203.SZ,34994,23096,397,-0.0338,154,-0.0805
002213.SZ,34994,23096,314,-0.1143,123,-0.0513
002227.SZ,34994,23096,523,0.0513,211,0.0997
002242.SZ,34994,23096,549,0.0338,267,0.0448
002259.SZ,34994,23096,655,0.0241,312,-0.0636
002278.SZ,34994,23096,523,0.0097,277,-0.0568
002292.SZ,34994,23096,648,-0.006,304,0.0269
002305.SZ,19997,13198,581,0.1131,277,0.1603
002317.SZ,34994,23096,405,-0.046,153,0.057
002331.SZ,34994,23096,542,0.0286,199,-0.0216
002348.SZ,14998,9898,171,0.152,70,-0.2523
002364.SZ,34994,23096,318,-0.0636,149,-0.2417
002376.SZ,34994,23096,711,0.0525,332,0.0265
002389.SZ,34994,23096,379,-0.019,191,0.0203
002400.SZ,34994,23096,556,-0.0339,285,-0.0897
002413.SZ,34994,23096,409,-0.1363,240,-0.0685
002429.SZ,5000,3300,56,0.5077,18,-0.1206
002442.SZ,34994,23096,661,0.0595,356,-0.0563
002459.SZ,34994,23096,471,0.0025,223,-0.0339
002471.SZ,34994,23096,521,0.051,345,0.045
002485.SZ,34994,23096,604,-0.0076,251,0.0176
002501.SZ,34994,23096,1001,0.1183,525,0.2251
002517.SZ,34994,23096,324,0.121,177,0.1785
002529.SZ,34994,23096,554,-0.0461,218,-0.0365
002543.SZ,34994,23096,651,0.0498,325,0.0532
002558.SZ,34994,23096,255,-0.0728,143,-0.0594
002570.SZ,34994,23096,1001,0.0573,401,0.1339
002583.SZ,34994,23096,641,-0.0193,323,0.023
002597.SZ,9999,6599,96,-0.0069,46,-0.1052
002614.SZ,34994,23096,690,0.0333,359,0.0525
002630.SZ,34994,23096,996,0.127,481,0.1328
002649.SZ,34994,23096,495,0.0075,260,0.0112
002659.SZ,34994,23096,695,0.0668,332,0.091
002670.SZ,34994,23096,527,0.0023,233,-0.0198
002686.SZ,34994,23096,660,0.0227,260,0.1132
002696.SZ,34994,23096,588,0.0805,256,0.0251
002715.SZ,34994,23096,347,0.048,164,0.0718
002732.SZ,34994,23096,431,0.0112,187,0.0199
002743.SZ,34994,23096,687,0.0776,300,0.1919
002758.SZ,34994,23096,557,0.0542,270,0.07
002772.SZ,34994,23096,363,0.103,186,0.0008
002790.SZ,34994,23096,567,0.0374,269,0.0263
002806.SZ,34994,23096,432,0.0718,188,0.0567
002819.SZ,34994,23096,325,0.0572,134,0.125
002831.SZ,34994,23096,281,-0.0068,111,0.0664
002847.SZ,34994,23096,276,0.0154,142,-0.0585
002864.SZ,5000,3300,48,-0.0882,18,-0.8391
002875.SZ,34994,23096,362,0.0192,163,-0.1321
002887.SZ,34994,23096,458,-0.0217,165,0.0434
002899.SZ,34994,23096,253,-0.014,108,0.0342
002912.SZ,34994,23096,296,-0.0291,133,0.0195
002926.SZ,5000,3300,74,-0.0362,51,0.1016
002947.SZ,34994,23096,265,0.0099,116,-0.1141
002965.SZ,34994,23096,314,-0.026,188,-0.1702
002978.SZ,34994,23096,334,0.0649,164,-0.0602
002991.SZ,34994,23096,259,0.0417,135,-0.0228
003006.SZ,34994,23096,387,0.0624,207,-0.1011
003025.SZ,34994,23096,471,0.0129,187,-0.0443
003038.SZ,34994,23096,407,0.0433,187,0.0723
300009.SZ,19997,13198,374,0.0285,175,0.014
300027.SZ,34994,23096,1000,0.0838,540,0.1143
300041.SZ,34994,23096,481,0.0375,182,-0.1099
300055.SZ,34994,23096,429,0.05,223,0.0473
300072.SZ,34994,23096,754,0.1067,398,0.052
300086.SZ,34994,23096,484,-0.0112,283,0.051
300101.SZ,34994,23096,317,-0.0409,177,0.0866
300119.SZ,34994,23096,432,0.0014,204,-0.0119
300133.SZ,34994,23096,505,-0.0675,237,0.0565
300145.SZ,5000,3300,80,0.1564,29,-0.0795
300158.SZ,34994,23096,700,0.0742,360,0.0007
300173.SZ,5000,3300,92,-0.0228,40,0.0474
300187.SZ,34994,23096,784,0.0986,307,0.0306
300198.SZ,34994,23096,914,0.1254,389,0.1107
300215.SZ,34994,23096,530,0.013,237,-0.0697
300230.SZ,34994,23096,799,0.0729,360,0.0284
300243.SZ,5000,3300,43,0.053,18,0.0438
300254.SZ,34994,23096,494,-0.003,195,-0.1515
300270.SZ,19997,13198,200,0.0755,115,0.042
300287.SZ,34994,23096,907,0.0567,380,-0.0033
300302.SZ,34994,23096,339,0.0274,139,-0.1483
300316.SZ,34994,23096,256,-0.0085,134,0.0406
300334.SZ,34994,23096,539,0.0394,194,-0.244
300350.SZ,34994,23096,654,0.0589,341,-0.0123
300365.SZ,9999,6599,162,0.1521,94,0.0233
300385.SZ,29995,19796,340,-0.2348,159,-0.0462
300400.SZ,34994,23096,327,0.0778,135,-0.2503
300413.SZ,34994,23096,349,0.0156,183,0.0007
300429.SZ,5000,3300,37,-0.0969,13,-0.4073
300441.SZ,34994,23096,731,0.0532,295,0.0605
300452.SZ,34994,23096,414,0.05,225,-0.0263
300463.SZ,24996,16497,424,0.0194,212,0.1069
300477.SZ,34994,23096,898,0.082,416,0.1305
300489.SZ,34994,23096,237,-0.11,116,-0.554
300503.SZ,34994,23096,281,-0.0235,129,-0.1635
300516.SZ,34994,23096,246,-0.1714,145,-0.2983
300533.SZ,34994,23096,278,0.1351,176,0.1195
300545.SZ,19997,13198,132,0.0935,78,-0.0606
300558.SZ,34994,23096,268,0.0636,132,0.1407
300573.SZ,34994,23096,243,0.0629,134,-0.0353
300589.SZ,34994,23096,308,-0.0079,183,0.1196
300605.SZ,5000,3300,48,-0.0693,33,0.0602
300617.SZ,29995,19796,217,-0.0648,107,-0.0869
300632.SZ,34994,23096,376,0.0532,127,0.02
300649.SZ,5000,3300,33,0.0265,15,0.5339
300664.SZ,34994,23096,726,0.0463,329,0.0657
300679.SZ,24996,16497,184,0.0032,76,-0.3383
300692.SZ,34994,23096,472,0.0534,223,0.0163
300705.SZ,34994,23096,573,0.0423,218,-0.0865
300718.SZ,19997,13198,152,0.0466,73,0.2398
300735.SZ,14998,9898,144,-0.0866,63,-0.3581
300750.SZ,19997,13198,114,0.048,66,-0.0119
300766.SZ,34994,23096,231,0.0097,137,-0.0253
300779.SZ,34994,23096,230,-0.1334,116,-0.1941
300797.SZ,34994,23096,392,0.0144,154,0.0421
300811.SZ,29995,19796,182,-0.1083,103,0.194
300825.SZ,34994,23096,515,0.062,159,-0.2032
300839.SZ,34994,23096,388,0.0078,176,-0.1143
300852.SZ,34994,23096,263,0.0307,120,-0.0199
300866.SZ,34994,23096,217,-0.0269,107,-0.1022
300881.SZ,34994,23096,250,0.0702,116,0.1226
300891.SZ,34994,23096,539,0.0688,238,0.0112
300906.SZ,34994,23096,245,0.1052,125,-0.1338
300917.SZ,34994,23096,271,0.0101,157,0.0688
300932.SZ,34994,23096,361,0.0621,188,0.1217
300946.SZ,29995,19796,216,-0.0252,113,0.1616
300959.SZ,14998,9898,92,-0.145,47,-0.0432
300977.SZ,34994,23096,314,0.0673,134,0.0711
300992.SZ,34994,23096,283,0.0079,116,0.0016
301005.SZ,34994,23096,182,0.135,90,-0.0366
301018.SZ,19997,13198,133,-0.0399,65,-0.0609
301031.SZ,34994,23096,215,0.0985,102,0.1763
301045.SZ,34994,23096,261,0.0541,132,-0.1201
301061.SZ,29995,19796,202,0.0475,108,0.0354
301079.SZ,34994,23096,282,-0.0363,114,-0.0495
301098.SZ,29995,19796,364,0.0811,170,0.0386
301109.SZ,34994,23096,469,0.0139,191,-0.0217
301125.SZ,9999,6599,70,-0.0186,35,0.3482
301138.SZ,5000,3300,50,0.2424,26,0.2751
301157.SZ,34994,23096,215,0.0919,100,-0.073
301170.SZ,34994,23096,275,0.0536,145,-0.137
301185.SZ,34994,23096,332,-0.043,154,0.1244
301198.SZ,34994,23096,358,0.0225,155,-0.0691
301212.SZ,34994,23096,286,0.057,126,0.0249
301227.SZ,34994,23096,269,-0.0632,123,-0.0689
301252.SZ,34994,23096,274,-0.1216,117,-0.039
301265.SZ,9999,6599,63,-0.0618,33,-0.3942
301281.SZ,34994,23096,265,0.0293,125,0.0375
301297.SZ,34994,23096,274,-0.0377,119,0.1047
301311.SZ,14998,9898,167,0.0797,76,-0.0369
301322.SZ,34994,23096,301,-0.0125,106,0.0728
301337.SZ,34994,23096,271,0.0227,139,0.0394
301360.SZ,34994,23096,248,0.1771,135,0.2863
301376.SZ,34994,23096,381,0.0624,166,-0.1594
301395.SZ,34994,23096,383,-0.0435,166,0.1555
301439.SZ,34994,23096,410,0.0084,158,-0.1065
301498.SZ,5000,3300,29,-0.2137,19,0.0822
301513.SZ,5000,3300,35,-0.2054,10,-0.0815
301533.SZ,34994,23096,297,0.0407,139,0.0096
301557.SZ,34994,23096,197,0.0056,92,-0.0258
301581.SZ,34994,23096,252,0.0338,122,-0.0263
301595.SZ,34994,23096,240,-0.0113,119,0.3713
301613.SZ,34994,23096,272,0.0453,118,-0.185
301669.SZ,8194,5408,35,-0.1133,26,-0.0337
600010.SH,5000,3300,155,0.1844,76,0.0576
600031.SH,34994,23096,352,0.0492,185,-0.0095
600056.SH,34994,23096,761,0.0411,339,-0.0596
600076.SH,34994,23096,818,0.1381,375,0.0667
600095.SH,34994,23096,594,0.0278,269,0.0871
600108.SH,34994,23096,813,0.0669,382,0.1128
600121.SH,34994,23096,811,0.0034,355,0.018
600137.SH,34994,23096,323,-0.0401,138,0.0957
600159.SH,34994,23096,853,0.1282,369,0.0384
600172.SH,34994,23096,560,-0.0256,249,-0.0561
600192.SH,34994,23096,560,0.0893,270,0.0176
600215.SH,34994,23096,644,0.0593,257,0.0818
600232.SH,34994,23096,514,0.0073,223,-0.0226
600258.SH,34994,23096,361,0.1213,243,0.025
600276.SH,34994,23096,262,-0.0022,132,-0.0025
600295.SH,5000,3300,43,-0.5264,29,-0.0099
600309.SH,5000,3300,29,-0.0307,17,-0.0417
600327.SH,34994,23096,912,0.0955,443,0.0413
600346.SH,34994,23096,310,0.0405,159,-0.1056
600362.SH,34994,23096,282,-0.0321,162,-0.2228
600376.SH,34994,23096,733,0.1364,396,0.1039
600406.SH,34994,23096,379,0.041,181,0.0231
600426.SH,34994,23096,233,0.063,149,-0.0281
600448.SH,19997,13198,440,0.0368,234,0.0542
600470.SH,34994,23096,616,-0.0381,312,-0.0273
600495.SH,34994,23096,899,0.0644,438,0.0488
600511.SH,34994,23096,440,0.0006,199,0.0466
600523.SH,34994,23096,443,-0.0006,218,0.0399
600536.SH,34994,23096,320,0.0268,152,0.0342
600549.SH,34994,23096,241,-0.1371,137,-0.4146
600570.SH,29995,19796,282,-0.0449,150,-0.1609
600585.SH,34994,23096,405,-0.0152,222,0.024
600598.SH,34994,23096,502,0.0547,224,0.0098
600618.SH,9999,6599,118,-0.0001,61,0.0763
600635.SH,34994,23096,872,0.0487,437,0.0561
600653.SH,5000,3300,153,0.1607,80,0.2738
600667.SH,34994,23096,519,0.0735,203,0.0404
600685.SH,34994,23096,294,-0.0043,167,-0.0694
600703.SH,34994,23096,438,0.0879,180,0.0873
600722.SH,34994,23096,522,-0.064,216,0.1431
600736.SH,34994,23096,687,-0.0033,246,0.0832
600751.SH,34994,23096,849,0.073,414,0.0937
600765.SH,34994,23096,377,-0.0785,215,-0.0282
600790.SH,34994,23096,905,0.0632,379,0.0467
600808.SH,29995,19796,712,0.0747,395,0.1122
600822.SH,5000,3300,64,-0.063,38,0.0071
600835.SH,34994,23096,306,0.0202,168,0.0506
600855.SH,34994,23096,370,-0.0819,192,-0.0298
600867.SH,34994,23096,686,0.0027,353,0.0039
600880.SH,34994,23096,735,0.0171,390,0.0553
600895.SH,34994,23096,267,-0.0557,135,0.0899
600918.SH,5000,3300,92,-0.0344,60,0.0407
600959.SH,34994,23096,907,0.0533,447,0.1296
600975.SH,34994,23096,949,0.069,422,0.0067
600993.SH,34994,23096,410,-0.0112,172,0.0514
601006.SH,34994,23096,1060,0.0584,520,0.0675
601020.SH,5000,3300,64,-0.0297,21,-0.3944
601069.SH,5000,3300,52,-0.2268,22,-0.2139
601111.SH,34994,23096,633,0.0552,359,0.0717
601136.SH,34994,23096,545,0.0006,224,0.0259
601179.SH,5000,3300,58,0.02,22,-0.5564
601216.SH,24996,16497,507,0.0181,281,0.0318
601319.SH,34994,23096,639,0.0122,311,0.0538
601388.SH,34994,23096,864,0.1029,434,0.0162
601555.SH,34994,23096,693,0.0463,294,0.0576
601601.SH,34994,23096,297,0.0155,158,-0.0074
601636.SH,19997,13198,356,0.2002,117,0.0516
601702.SH,34994,23096,321,0.0507,156,0.0715
601801.SH,34994,23096,782,0.0429,410,0.0258
601865.SH,5000,3300,55,-0.3103,26,0.1193
601899.SH,34994,23096,294,-0.0557,153,-0.1475
601956.SH,34994,23096,767,0.0397,322,0.0224
601997.SH,34994,23096,957,0.0628,494,0.0232
603011.SH,34994,23096,304,-0.0464,208,0.0647
603026.SH,34994,23096,290,-0.032,104,-0.3057
603041.SH,34994,23096,367,0.0392,187,-0.0408
603061.SH,34994,23096,257,-0.0554,157,0.0876
603076.SH,19997,13198,157,0.1167,103,-0.0178
603089.SH,24996,16497,297,0.0307,129,0.1961
603103.SH,34994,23096,421,0.0212,167,0.0659
603116.SH,34994,23096,631,-0.0182,221,0.1025
603130.SH,34994,23096,298,0.1005,121,-0.1175
603158.SH,34994,23096,525,-0.0267,133,-0.0555
603172.SH,34994,23096,355,0.0393,152,0.0679
603186.SH,34994,23096,267,0.0208,197,-0.0433
603203.SH,34994,23096,299,0.0524,160,0.0433
603223.SH,34994,23096,564,0.0261,224,-0.0091
603235.SH,34994,23096,357,0.0244,158,0.0389
603267.SH,34994,23096,233,-0.0613,161,-0.1507
603283.SH,34994,23096,271,0.0143,167,-0.2782
603298.SH,34994,23096,283,0.0028,161,0.0291
603310.SH,34994,23096,502,0.0234,231,-0.0312
603325.SH,34994,23096,304,0.0212,153,0.0309
603344.SH,34994,23096,316,0.0622,142,0.1007
603359.SH,34994,23096,623,0.0623,395,-0.1109
603378.SH,29995,19796,467,0.0335,261,-0.0762
603393.SH,34994,23096,345,0.0435,167,-0.1059
603416.SH,9999,6599,65,0.0322,40,0.0171
603500.SH,34994,23096,501,0.0026,198,0.0533
603529.SH,34994,23096,394,0.0223,204,0.0423
603569.SH,34994,23096,725,0.0197,321,0.0273
603595.SH,34994,23096,406,-0.0234,243,0.0005
603613.SH,34994,23096,347,0.032,163,0.0476
603657.SH,34994,23096,296,-0.0459,156,0.0494
603677.SH,34994,23096,393,0.0521,190,-0.085
603697.SH,34994,23096,513,0.015,209,-0.1211
603716.SH,34994,23096,372,0.0165,203,-0.0233
603738.SH,34994,23096,400,0.0644,153,-0.1174
603778.SH,34994,23096,391,-0.1168,209,-0.018
603806.SH,34994,23096,403,-0.0377,183,-0.2237
603826.SH,34994,23096,370,-0.0754,127,-0.0753
603867.SH,34994,23096,293,-0.0305,137,-0.1011
603885.SH,34994,23096,371,-0.0029,250,0.0797
603900.SH,5000,3300,81,-0.1285,43,0.1374
603920.SH,34994,23096,278,0.0246,138,-0.1702
603949.SH,34994,23096,359,0.0089,169,-0.1008
603969.SH,34994,23096,489,0.0242,211,-0.0725
603992.SH,34994,23096,263,-0.1044,157,0.1376
605009.SH,34994,23096,372,0.0369,162,-0.0508
605058.SH,34994,23096,308,-0.0177,132,-0.0044
605108.SH,34994,23096,434,0.025,198,-0.0357
605138.SH,34994,23096,614,0.0589,260,0.03
605186.SH,34994,23096,328,-0.0597,130,-0.0384
605266.SH,34994,23096,390,0.002,198,0.0453
605305.SH,34994,23096,258,0.0078,120,-0.0371
605377.SH,34994,23096,503,0.0038,237,0.0393
605588.SH,34994,23096,242,-0.0046,133,0.0727
688010.SH,34994,23096,225,0.0458,129,0.0169
688023.SH,34994,23096,250,-0.0145,127,-0.2236
688046.SH,9999,6599,75,0.0317,55,-0.0194
688059.SH,34994,23096,224,0.0767,120,-0.0059
688076.SH,24996,16497,220,0.0371,130,0.0109
688090.SH,34994,23096,220,-0.008,112,-0.2804
688103.SH,34994,23096,251,0.0009,139,-0.3371
688122.SH,34994,23096,208,-0.0657,131,0.0812
688135.SH,34994,23096,271,-0.0341,127,-0.0691
688156.SH,34994,23096,280,0.0767,127,-0.056
688171.SH,34994,23096,221,-0.0355,129,0.1688
688188.SH,34994,23096,235,0.0053,112,0.1292
688208.SH,34994,23096,286,-0.0564,140,0.0889
688230.SH,34994,23096,211,0.0183,103,-0.0505
688251.SH,34994,23096,276,0.1181,130,-0.0027
688270.SH,34994,23096,208,-0.1781,111,-0.2874
688283.SH,5000,3300,37,0.5343,17,-0.3183
688303.SH,34994,23096,313,0.0689,175,0.1386
688320.SH,34994,23096,260,0.042,127,-0.0095
688333.SH,34994,23096,238,-0.1933,136,-0.209
688350.SH,34994,23096,278,0.0353,118,-0.1179
688363.SH,34994,23096,309,0.0472,151,-0.0012
688378.SH,34994,23096,241,-0.0178,109,-0.2413
688392.SH,34994,23096,201,0.0063,100,0.2877
688410.SH,34994,23096,364,0.0345,174,0.0596
688439.SH,34994,23096,233,-0.0408,127,-0.0189
688485.SH,34994,23096,291,0.109,112,-0.0664
688510.SH,34994,23096,274,-0.0069,104,-0.1489
688523.SH,34994,23096,209,-0.077,108,0.2306
688551.SH,34994,23096,268,-0.0953,124,-0.1654
688565.SH,34994,23096,343,0.084,161,0.023
688583.SH,34994,23096,203,-0.1169,123,0.0107
688597.SH,34994,23096,430,0.0566,184,-0.1931
688615.SH,34994,23096,197,0.1138,101,-0.1847
688629.SH,34994,23096,235,-0.1487,100,0.0355
688656.SH,34994,23096,204,-0.0137,93,0.3129
688671.SH,34994,23096,276,0.0164,129,-0.0149
688690.SH,34994,23096,291,0.0645,126,0.076
688708.SH,5000,3300,34,-0.0315,12,-0.019
688733.SH,34994,23096,261,-0.0721,110,-0.076
688768.SH,34994,23096,228,0.094,111,-0.0404
688793.SH,34994,23096,352,-0.0376,151,0.0481
920003.BJ,34994,23096,297,0.0535,181,-0.0171
920029.BJ,34994,23096,236,0.0451,127,-0.0491
920056.BJ,34994,23096,303,0.0772,140,0.0694
920077.BJ,5000,3300,38,-0.2938,17,-0.2132
920106.BJ,34994,23096,241,0.0823,136,-0.1456
920132.BJ,34994,23096,308,0.153,172,-0.0085
920171.BJ,34994,23096,243,0.1821,139,0.0398
920190.BJ,34994,23096,269,0.0585,150,0.056
920222.BJ,3374,2226,11,0.6691,13,0.2675
920261.BJ,34994,23096,335,0.0807,167,0.1796
920344.BJ,34994,23096,289,0.0452,148,-0.1851
920402.BJ,34994,23096,371,0.1322,134,-0.0757
920438.BJ,34994,23096,233,0.0195,108,-0.0145
920509.BJ,34994,23096,239,0.0504,131,0.0706
920556.BJ,34994,23096,363,0.095,186,0.1155
920634.BJ,34994,23096,248,0.1454,123,-0.0339
