symbol,mode,n_signals,n_B,n_S,skill6,skill12,skill24
000001.SZ,strict,572,274,298,-0.0203,-0.0331,-0.0234
000001.SZ,floor,574,274,300,-0.0196,-0.033,-0.0233
000001.SZ,resonance,831,497,334,-0.0041,-0.0196,-0.017
000002.SZ,strict,447,268,179,0.0262,0.0135,-0.0279
000002.SZ,floor,498,274,224,0.0402,0.0179,-0.0204
000002.SZ,resonance,670,482,188,0.0349,0.0333,-0.0301
000004.SZ,strict,280,149,131,-0.0177,-0.0426,-0.173
000004.SZ,floor,380,167,213,0.007,-0.017,-0.1929
000004.SZ,resonance,406,250,156,0.0213,-0.0648,-0.1343
000006.SZ,strict,730,473,257,-0.007,0.0059,0.0084
000006.SZ,floor,838,499,339,-0.0085,0.002,0.0125
000006.SZ,resonance,981,657,324,0.0108,0.0124,-0.0019
000009.SZ,strict,87,47,40,-0.0946,-0.0515,-0.079
000009.SZ,floor,96,47,49,-0.0608,-0.0155,-0.0626
000009.SZ,resonance,129,79,50,-0.003,0.0418,-0.0067
000011.SZ,strict,677,385,292,-0.0329,-0.0336,-0.0365
000011.SZ,floor,716,395,321,-0.0281,-0.0272,-0.0242
000011.SZ,resonance,959,636,323,-0.0116,-0.0177,-0.0209
000012.SZ,strict,455,251,204,-0.0896,-0.0445,-0.0909
000012.SZ,floor,504,256,248,-0.0849,-0.036,-0.0558
000012.SZ,resonance,681,467,214,-0.0352,-0.0208,-0.0477
000014.SZ,strict,796,482,314,-0.0373,-0.0533,-0.0599
000014.SZ,floor,879,499,380,-0.0427,-0.058,-0.0599
000014.SZ,resonance,1072,712,360,-0.0225,-0.0144,-0.0208
000016.SZ,strict,463,272,191,0.0004,0.0286,-0.0048
000016.SZ,floor,568,288,280,0.0599,0.0724,0.0489
000016.SZ,resonance,678,470,208,0.0133,0.027,-0.0418
000019.SZ,strict,608,358,250,-0.0026,-0.0148,-0.055
000019.SZ,floor,638,364,274,-0.0021,-0.0142,-0.064
000019.SZ,resonance,845,556,289,0.0067,0.0083,-0.03
000027.SZ,strict,589,306,283,-0.0045,-0.0118,-0.007
000027.SZ,floor,648,312,336,-0.0023,0.0122,-0.0045
000027.SZ,resonance,809,473,336,0.0024,0.0026,-0.0175
000028.SZ,strict,764,417,347,-0.0068,-0.0011,-0.0268
000028.SZ,floor,777,417,360,-0.0074,-0.0004,-0.0252
000028.SZ,resonance,1053,642,411,-0.0003,0.0012,-0.0206
000029.SZ,strict,896,569,327,-0.0282,-0.039,-0.0286
000029.SZ,floor,999,589,410,-0.0365,-0.035,-0.0322
000029.SZ,resonance,1156,769,387,-0.0177,-0.0301,-0.0211
000031.SZ,strict,474,279,195,0.0382,0.0375,-0.0419
000031.SZ,floor,558,297,261,0.0805,0.083,-0.0008
000031.SZ,resonance,680,484,196,0.0674,0.0797,-0.0015
000034.SZ,strict,967,608,359,0.0128,-0.0055,-0.0158
000034.SZ,floor,1103,632,471,0.0154,-0.0001,-0.0109
000034.SZ,resonance,1189,787,402,0.0294,-0.0061,-0.0207
000035.SZ,strict,627,373,254,-0.0307,-0.0231,-0.0106
000035.SZ,floor,699,389,310,-0.0194,-0.0054,0.032
000035.SZ,resonance,852,573,279,0.0173,0.0201,0.0638
000036.SZ,strict,635,389,246,-0.0139,-0.0379,-0.0493
000036.SZ,floor,751,420,331,-0.039,-0.0163,-0.0257
000036.SZ,resonance,902,619,283,0.0058,0.0106,-0.0022
000037.SZ,strict,648,375,273,-0.0134,-0.0005,0.0772
000037.SZ,floor,742,394,348,-0.0277,0.0203,0.0607
000037.SZ,resonance,892,556,336,0.0165,0.0348,0.0934
000039.SZ,strict,845,512,333,-0.0443,-0.048,-0.0689
000039.SZ,floor,967,524,443,-0.0359,-0.0444,-0.0613
000039.SZ,resonance,1066,694,372,-0.0256,-0.0061,-0.0244
000042.SZ,strict,619,379,240,-0.0258,-0.0367,-0.0449
000042.SZ,floor,703,395,308,-0.0128,-0.0165,-0.0525
000042.SZ,resonance,910,621,289,-0.0176,-0.045,-0.0572
000049.SZ,strict,911,530,381,0.0113,0.001,0.0204
000049.SZ,floor,976,535,441,0.0146,0.0055,0.0102
000049.SZ,resonance,1115,686,429,0.0123,-0.0007,0.0114
000050.SZ,strict,727,429,298,0.008,-0.0523,-0.1281
000050.SZ,floor,790,439,351,-0.0187,-0.0646,-0.1335
000050.SZ,resonance,958,636,322,0.005,-0.0307,-0.1154
000055.SZ,strict,159,103,56,-0.0309,-0.0794,-0.1101
000055.SZ,floor,178,105,73,-0.0084,-0.0317,-0.0772
000055.SZ,resonance,225,159,66,0.0396,-0.0069,-0.0286
000056.SZ,strict,370,199,171,0.0497,0.0301,0.0507
000056.SZ,floor,503,233,270,0.082,0.0708,0.0866
000056.SZ,resonance,535,362,173,0.1133,0.0909,0.1454
000058.SZ,strict,653,376,277,-0.0182,-0.0148,0.0015
000058.SZ,floor,680,386,294,-0.0086,-0.0041,0.0091
000058.SZ,resonance,946,633,313,0.001,0.0022,0.0069
000060.SZ,strict,718,374,344,-0.0278,0.0063,-0.0836
000060.SZ,floor,907,430,477,-0.0297,-0.0182,-0.0881
000060.SZ,resonance,911,550,361,-0.0131,-0.0144,-0.05
000061.SZ,strict,651,398,253,-0.0533,-0.0615,-0.0737
000061.SZ,floor,697,411,286,-0.0497,-0.0492,-0.0643
000061.SZ,resonance,938,660,278,-0.0274,-0.0196,-0.0164
000062.SZ,strict,847,491,356,0.0531,0.0731,0.0803
000062.SZ,floor,1010,518,492,0.0381,0.0603,0.0679
000062.SZ,resonance,1058,683,375,0.0471,0.0718,0.049
000063.SZ,strict,941,538,403,-0.0174,-0.0511,-0.0579
000063.SZ,floor,1047,562,485,-0.002,-0.0224,-0.043
000063.SZ,resonance,1164,721,443,-0.0144,-0.0415,-0.0503
000065.SZ,strict,747,456,291,-0.0129,-0.0011,0.0132
000065.SZ,floor,863,481,382,0.0026,0.0172,0.0475
000065.SZ,resonance,1007,670,337,0.0127,0.0138,0.0173
000066.SZ,strict,785,510,275,-0.0193,-0.0165,-0.0353
000066.SZ,floor,933,560,373,0.0005,0.0023,-0.0011
000066.SZ,resonance,1004,695,309,0.0049,0.0084,-0.0067
000068.SZ,strict,481,276,205,0.0422,0.0167,0.0141
000068.SZ,floor,529,279,250,0.0741,0.0538,0.0329
000068.SZ,resonance,744,512,232,0.059,0.0359,0.0418
000069.SZ,strict,389,214,175,0.0276,0.0175,-0.0474
000069.SZ,floor,430,220,210,0.0581,0.0446,-0.0111
000069.SZ,resonance,576,404,172,0.0579,0.0503,-0.002
000088.SZ,strict,387,205,182,0.0242,0.0194,0.0177
000088.SZ,floor,391,205,186,0.0302,0.0261,0.0211
000088.SZ,resonance,541,363,178,0.0453,0.0394,0.0459
000089.SZ,strict,497,255,242,-0.0247,-0.0141,-0.0155
000089.SZ,floor,502,255,247,-0.0244,-0.0122,-0.012
000089.SZ,resonance,736,459,277,-0.0007,0.0075,0.0123
000096.SZ,strict,603,357,246,-0.0433,-0.0663,-0.0799
000096.SZ,floor,652,367,285,-0.0473,-0.0713,-0.0881
000096.SZ,resonance,873,585,288,-0.0236,-0.0464,-0.0588
000151.SZ,strict,763,457,306,-0.0245,-0.0315,-0.0316
000151.SZ,floor,809,464,345,-0.0358,-0.0382,-0.0405
000151.SZ,resonance,1012,667,345,0.0034,-0.0008,-0.0075
000153.SZ,strict,578,306,272,0.0012,0.0022,-0.0134
000153.SZ,floor,605,307,298,0.0003,-0.0038,-0.0322
000153.SZ,resonance,823,513,310,0.0084,0.0033,-0.0067
000156.SZ,strict,192,116,76,0.0133,-0.0377,-0.0115
000156.SZ,floor,214,119,95,0.0212,-0.0031,0.0106
000156.SZ,resonance,263,176,87,0.0229,-0.0325,-0.0083
000157.SZ,strict,669,374,295,-0.0171,-0.0281,-0.0464
000157.SZ,floor,702,380,322,-0.0163,-0.0244,-0.0394
000157.SZ,resonance,896,574,322,0.0022,-0.0137,-0.0152
000159.SZ,strict,611,378,233,-0.0202,0.0293,0.0304
000159.SZ,floor,716,395,321,-0.014,0.0348,0.0447
000159.SZ,resonance,882,607,275,0.018,0.0401,0.047
000338.SZ,strict,943,545,398,-0.029,-0.02,-0.0481
000338.SZ,floor,1123,599,524,-0.016,-0.0119,-0.0397
000338.SZ,resonance,1043,631,412,-0.0319,-0.0404,-0.0559
000401.SZ,strict,471,254,217,-0.0335,-0.0298,-0.0331
000401.SZ,floor,500,255,245,-0.0213,-0.0221,-0.0288
000401.SZ,resonance,679,441,238,-0.0057,0.0083,0.0176
000402.SZ,strict,426,244,182,-0.0094,-0.026,-0.0143
000402.SZ,floor,462,253,209,0.0114,0.0065,0.0145
000402.SZ,resonance,619,425,194,0.0553,0.0362,0.0367
000403.SZ,strict,684,379,305,-0.0477,-0.0803,-0.127
000403.SZ,floor,745,382,363,-0.0466,-0.0755,-0.1089
000403.SZ,resonance,1001,664,337,-0.02,-0.0337,-0.0808
000404.SZ,strict,599,325,274,0.0042,0.0347,0.0064
000404.SZ,floor,663,329,334,0.01,0.0395,0.011
000404.SZ,resonance,834,523,311,0.0298,0.0452,0.0456
000407.SZ,strict,143,88,55,-0.0631,-0.0195,-0.0603
000407.SZ,floor,154,88,66,-0.0336,0.0128,-0.0319
000407.SZ,resonance,212,144,68,0.0095,0.0301,-0.0052
000408.SZ,strict,533,308,225,-0.0027,-0.0297,0.0299
000408.SZ,floor,597,319,278,-0.0053,-0.0274,0.0154
000408.SZ,resonance,574,351,223,-0.0112,-0.0634,-0.0179
000409.SZ,strict,555,315,240,-0.0291,-0.0141,-0.0277
000409.SZ,floor,587,321,266,-0.0244,-0.0176,-0.0259
000409.SZ,resonance,806,539,267,-0.0176,-0.0298,-0.0419
000415.SZ,strict,583,339,244,-0.0297,-0.0656,-0.0335
000415.SZ,floor,685,358,327,-0.0023,-0.0348,-0.0136
000415.SZ,resonance,795,502,293,0.0051,-0.0159,-0.0115
000417.SZ,strict,658,392,266,-0.0121,-0.0211,0.019
000417.SZ,floor,771,422,349,0.0293,0.0211,0.0688
000417.SZ,resonance,924,614,310,0.0133,-0.0142,0.0091
000419.SZ,strict,626,327,299,-0.0419,-0.0247,-0.032
000419.SZ,floor,669,335,334,-0.0365,-0.0277,-0.032
000419.SZ,resonance,878,539,339,-0.0034,-0.0014,-0.0049
000421.SZ,strict,584,349,235,-0.0199,-0.0231,-0.0058
000421.SZ,floor,622,354,268,-0.0132,-0.0189,-0.0075
000421.SZ,resonance,841,565,276,0.0059,0.0051,0.005
000422.SZ,strict,716,411,305,-0.0307,-0.0418,-0.0558
000422.SZ,floor,839,432,407,-0.02,-0.0402,-0.0202
000422.SZ,resonance,913,591,322,-0.009,-0.0096,-0.0233
000423.SZ,strict,1053,564,489,0.0074,0.0116,0.0034
000423.SZ,floor,1074,565,509,0.0101,0.0139,0.0077
000423.SZ,resonance,1147,680,467,0.0177,0.0176,0.0009
000425.SZ,strict,821,481,340,-0.0384,-0.0338,0.0021
000425.SZ,floor,911,506,405,-0.0332,-0.0298,0.0003
000425.SZ,resonance,1058,673,385,-0.0156,-0.0203,0.0083
000426.SZ,strict,1102,592,510,-0.0112,-0.0256,-0.0035
000426.SZ,floor,1333,641,692,0.0079,-0.0057,-0.0178
000426.SZ,resonance,1229,697,532,0.0054,-0.0095,0.0003
000428.SZ,strict,514,295,219,-0.0267,-0.0358,-0.0111
000428.SZ,floor,593,310,283,0.0013,0.013,0.0196
000428.SZ,resonance,734,493,241,0.0416,0.0513,0.0573
000488.SZ,strict,382,201,181,0.0372,0.057,0.092
000488.SZ,floor,436,209,227,0.0252,0.0408,0.0668
000488.SZ,resonance,529,349,180,0.065,0.0646,0.0761
000498.SZ,strict,69,34,35,-0.0414,-0.0782,-0.0864
000498.SZ,floor,71,34,37,-0.0256,-0.0673,-0.0782
000498.SZ,resonance,104,60,44,-0.0259,-0.0069,-0.0104
000501.SZ,strict,635,362,273,-0.0149,-0.0116,-0.012
000501.SZ,floor,683,368,315,-0.0189,-0.0248,-0.0339
000501.SZ,resonance,933,627,306,-0.0028,0.0034,-0.0187
000503.SZ,strict,638,368,270,-0.0519,-0.0429,-0.0503
000503.SZ,floor,708,394,314,-0.039,-0.0248,-0.0535
000503.SZ,resonance,951,647,304,-0.0147,-0.0148,-0.0282
000504.SZ,strict,93,55,38,-0.0839,-0.1866,-0.0136
000504.SZ,floor,119,60,59,-0.0781,-0.1312,-0.0078
000504.SZ,resonance,132,85,47,-0.0555,-0.1394,0.0252
000505.SZ,strict,589,349,240,-0.0337,-0.0433,-0.0876
000505.SZ,floor,665,364,301,-0.0234,-0.0118,-0.0532
000505.SZ,resonance,845,566,279,-0.0073,-0.0242,-0.0616
000506.SZ,strict,854,505,349,-0.0381,-0.024,-0.0543
000506.SZ,floor,1041,549,492,-0.0472,-0.0462,-0.057
000506.SZ,resonance,1041,651,390,-0.0486,-0.0464,-0.0408
000507.SZ,strict,506,280,226,0.0047,0.0103,0.0053
000507.SZ,floor,543,286,257,0.023,0.0343,0.0373
000507.SZ,resonance,704,454,250,0.0189,0.0238,0.0251
000509.SZ,strict,531,340,191,0.0132,0.0026,-0.0675
000509.SZ,floor,630,363,267,-0.0042,-0.0205,-0.0693
000509.SZ,resonance,740,523,217,0.0328,0.0262,-0.0479
000510.SZ,strict,935,564,371,-0.027,-0.0428,-0.0069
000510.SZ,floor,1252,652,600,-0.0061,-0.0048,0.0132
000510.SZ,resonance,1112,700,412,-0.0321,-0.0754,-0.0799
000513.SZ,strict,867,484,383,-0.0189,-0.016,-0.0232
000513.SZ,floor,892,484,408,-0.0163,-0.016,-0.0211
000513.SZ,resonance,1116,705,411,-0.011,-0.0152,-0.0268
000514.SZ,strict,540,313,227,-0.0605,-0.0359,-0.0963
000514.SZ,floor,582,319,263,-0.044,-0.0202,-0.0752
000514.SZ,resonance,791,536,255,-0.0149,0.0082,-0.0374
000516.SZ,strict,444,262,182,0.0494,0.0498,0.0505
000516.SZ,floor,497,270,227,0.0392,0.0429,0.0404
000516.SZ,resonance,657,459,198,0.0456,0.0429,0.0218
000517.SZ,strict,408,223,185,-0.0027,0.0163,0.0112
000517.SZ,floor,483,238,245,0.0372,0.0455,0.0499
000517.SZ,resonance,589,400,189,0.086,0.0906,0.0815
000518.SZ,strict,450,224,226,0.0328,0.0314,0.0093
000518.SZ,floor,535,238,297,0.0156,0.0231,0.0357
000518.SZ,resonance,642,406,236,0.0778,0.0937,0.1219
000520.SZ,strict,518,325,193,-0.0036,-0.005,-0.0965
000520.SZ,floor,591,336,255,0.0101,-0.0007,-0.0641
000520.SZ,resonance,763,534,229,0.033,0.028,-0.0165
000521.SZ,strict,460,245,215,-0.0168,0.0234,0.0141
000521.SZ,floor,496,249,247,-0.0255,0.0226,0.0205
000521.SZ,resonance,676,441,235,-0.0091,0.0079,-0.022
000523.SZ,strict,466,278,188,-0.0043,-0.0089,-0.0188
000523.SZ,floor,518,286,232,0.0039,-0.0059,-0.0211
000523.SZ,resonance,707,497,210,0.0386,0.0397,0.0212
000528.SZ,strict,677,392,285,-0.0246,-0.0441,-0.0392
000528.SZ,floor,724,403,321,-0.0239,-0.0321,-0.0379
000528.SZ,resonance,961,645,316,0.0049,-0.0236,-0.028
000530.SZ,strict,587,349,238,-0.0316,-0.0414,-0.0732
000530.SZ,floor,670,360,310,-0.0104,-0.0159,-0.0148
000530.SZ,resonance,861,572,289,0.0022,-0.0013,-0.0196
000531.SZ,strict,78,46,32,0.0725,0.0852,0.0188
000531.SZ,floor,87,46,41,0.0596,0.0543,-0.0202
000531.SZ,resonance,137,99,38,0.0375,0.0237,0.0308
000532.SZ,strict,757,474,283,-0.018,-0.0082,-0.0426
000532.SZ,floor,827,494,333,-0.0066,0.0066,-0.023
000532.SZ,resonance,1072,735,337,0.0003,0.006,-0.0269
000533.SZ,strict,729,439,290,0.0324,0.037,-0.0221
000533.SZ,floor,897,482,415,0.0356,0.0352,-0.0096
000533.SZ,resonance,945,617,328,0.0491,0.0843,0.0324
000534.SZ,strict,617,387,230,-0.0522,-0.0712,-0.1362
000534.SZ,floor,744,425,319,-0.0404,-0.0529,-0.1331
000534.SZ,resonance,692,461,231,-0.038,-0.0596,-0.1048
000536.SZ,strict,436,259,177,-0.0765,-0.22,-0.2678
000536.SZ,floor,510,271,239,-0.0359,-0.1393,-0.1953
000536.SZ,resonance,682,490,192,-0.0341,-0.1298,-0.1566
000538.SZ,strict,946,515,431,-0.0041,-0.0081,-0.0111
000538.SZ,floor,956,515,441,-0.004,-0.0078,-0.0101
000538.SZ,resonance,1132,676,456,-0.0085,-0.0197,-0.0195
000543.SZ,strict,645,360,285,0.0209,0.0388,0.0008
000543.SZ,floor,705,363,342,0.0299,0.0563,0.0295
000543.SZ,resonance,884,541,343,0.0265,0.0328,0.0007
000544.SZ,strict,601,325,276,-0.0164,-0.0442,-0.0458
000544.SZ,floor,608,326,282,-0.0184,-0.0433,-0.0458
000544.SZ,resonance,884,552,332,0.0161,-0.0007,-0.0034
000545.SZ,strict,77,43,34,0.2135,0.1263,0.2059
000545.SZ,floor,101,44,57,0.2119,0.2118,0.3213
000545.SZ,resonance,92,58,34,0.1423,0.0836,0.1243
000546.SZ,strict,607,352,255,0.0304,0.0568,0.0435
000546.SZ,floor,772,389,383,0.0417,0.0523,0.0254
000546.SZ,resonance,871,580,291,0.0335,0.0444,0.0265
000547.SZ,strict,234,151,83,-0.0491,-0.1469,-0.0519
000547.SZ,floor,287,164,123,-0.0332,-0.1338,-0.0391
000547.SZ,resonance,309,215,94,-0.0462,-0.1047,-0.1193
000548.SZ,strict,601,359,242,-0.0241,-0.0365,-0.0655
000548.SZ,floor,636,368,268,-0.0196,-0.0282,-0.0521
000548.SZ,resonance,854,578,276,0.0056,0.0038,-0.0236
000552.SZ,strict,394,223,171,0.0492,0.0274,0.003
000552.SZ,floor,462,232,230,0.0683,0.0332,0.0145
000552.SZ,resonance,557,377,180,0.0968,0.0728,0.0787
000554.SZ,strict,96,62,34,-0.0019,-0.0139,-0.0678
000554.SZ,floor,111,65,46,0.0384,-0.0108,-0.0587
000554.SZ,resonance,124,80,44,0.0389,0.0476,0.0859
000555.SZ,strict,839,510,329,-0.0552,-0.0696,-0.0737
000555.SZ,floor,942,528,414,-0.0406,-0.0585,-0.063
000555.SZ,resonance,1064,697,367,-0.0331,-0.0417,-0.0541
000557.SZ,strict,449,242,207,0.0121,0.0101,-0.0254
000557.SZ,floor,468,242,226,0.0298,0.0316,-0.0011
000557.SZ,resonance,674,442,232,0.0543,0.0469,0.0115
000559.SZ,strict,805,479,326,-0.0151,-0.006,0.0555
000559.SZ,floor,933,496,437,-0.0229,-0.0173,0.0467
000559.SZ,resonance,991,647,344,-0.0054,0.0322,0.0683
000560.SZ,strict,428,248,180,0.0179,0.0039,-0.0319
000560.SZ,floor,510,263,247,0.039,0.0213,-0.053
000560.SZ,resonance,650,453,197,0.0501,0.0334,-0.0035
000561.SZ,strict,687,402,285,-0.0161,0.0018,-0.0661
000561.SZ,floor,771,405,366,-0.0186,0.0019,-0.0399
000561.SZ,resonance,937,603,334,-0.0036,-0.0006,-0.0517
000563.SZ,strict,365,189,176,0.0357,0.0173,-0.007
000563.SZ,floor,376,191,185,0.0464,0.0258,-0.0034
000563.SZ,resonance,544,379,165,0.0773,0.0667,0.0417
000564.SZ,strict,312,191,121,0.1143,0.0949,0.1072
000564.SZ,floor,367,199,168,0.1533,0.1188,0.1079
000564.SZ,resonance,472,355,117,0.1297,0.1383,0.1328
000566.SZ,strict,540,334,206,-0.0147,0.0143,-0.0272
000566.SZ,floor,624,346,278,-0.05,-0.0249,-0.0178
000566.SZ,resonance,829,579,250,0.0134,0.001,-0.021
000567.SZ,strict,570,336,234,0.0001,-0.0001,-0.0332
000567.SZ,floor,649,349,300,0.0133,0.0291,0.0006
000567.SZ,resonance,838,566,272,0.0327,0.0198,-0.0069
000571.SZ,strict,642,396,246,0.0532,0.0503,-0.0261
000571.SZ,floor,808,435,373,0.0476,0.0313,-0.0326
000571.SZ,resonance,953,644,309,0.0598,0.0318,-0.0298
000572.SZ,strict,557,340,217,-0.0594,-0.1067,-0.0673
000572.SZ,floor,657,375,282,-0.0403,-0.0845,-0.0712
000572.SZ,resonance,844,596,248,-0.0158,-0.0391,-0.0266
000573.SZ,strict,552,321,231,-0.0058,-0.0171,0.0207
000573.SZ,floor,632,335,297,0.0035,-0.013,0.0097
000573.SZ,resonance,829,558,271,0.0207,0.0156,0.026
000576.SZ,strict,108,62,46,-0.0912,-0.0839,-0.1885
000576.SZ,floor,121,63,58,-0.09,-0.0914,-0.2013
000576.SZ,resonance,137,89,48,-0.0546,-0.0494,-0.1446
000581.SZ,strict,795,465,330,0.0031,0.0027,0.0005
000581.SZ,floor,828,480,348,0.0066,0.0056,-0.0038
000581.SZ,resonance,1084,697,387,0.0038,-0.0033,0.0051
000582.SZ,strict,677,401,276,0.005,-0.0048,-0.0316
000582.SZ,floor,772,415,357,0.024,0.0081,-0.0215
000582.SZ,resonance,950,614,336,0.0238,0.0169,0.0099
000590.SZ,strict,716,459,257,-0.0025,-0.0191,-0.0155
000590.SZ,floor,766,461,305,-0.0035,-0.0228,-0.015
000590.SZ,resonance,1060,741,319,0.0193,0.0039,0.0017
000591.SZ,strict,502,287,215,0.0428,0.0562,0.0728
000591.SZ,floor,597,313,284,0.0576,0.0835,0.088
000591.SZ,resonance,753,509,244,0.0441,0.0626,0.0897
000592.SZ,strict,669,413,256,-0.0016,0.0128,0.0135
000592.SZ,floor,893,448,445,-0.0291,-0.0005,-0.0028
000592.SZ,resonance,926,613,313,0.0135,0.0392,0.0124
000593.SZ,strict,536,316,220,-0.0181,-0.0385,0.0411
000593.SZ,floor,698,344,354,-0.0014,0.0146,0.0769
000593.SZ,resonance,632,382,250,-0.0255,-0.0044,0.0188
000595.SZ,strict,512,272,240,-0.0386,0.0177,0.0522
000595.SZ,floor,603,286,317,-0.0179,0.034,0.0916
000595.SZ,resonance,820,526,294,0.0056,0.0364,0.0485
000597.SZ,strict,489,272,217,0.0093,0.0191,0.003
000597.SZ,floor,527,272,255,0.0073,0.0164,-0.0063
000597.SZ,resonance,727,468,259,0.0331,0.0333,0.007
000598.SZ,strict,523,279,244,-0.0008,-0.0136,0.0014
000598.SZ,floor,530,280,250,0.0006,-0.0111,0.0055
000598.SZ,resonance,746,476,270,0.0214,0.0024,-0.0021
000600.SZ,strict,595,344,251,0.0224,0.0624,0.0588
000600.SZ,floor,705,355,350,0.0143,0.0454,0.0474
000600.SZ,resonance,809,510,299,0.0154,0.0389,0.0069
000603.SZ,strict,1128,638,490,0.0016,0.0121,-0.002
000603.SZ,floor,1349,702,647,0.0017,0.017,-0.0013
000603.SZ,resonance,1225,732,493,-0.0309,-0.0231,-0.0142
000607.SZ,strict,550,324,226,-0.0828,-0.09,-0.1171
000607.SZ,floor,631,337,294,-0.0363,-0.0338,-0.0404
000607.SZ,resonance,773,527,246,-0.0231,-0.0409,-0.0655
000608.SZ,strict,546,300,246,0.0091,0.0123,0.0676
000608.SZ,floor,743,327,416,0.0242,0.0344,0.07
000608.SZ,resonance,781,485,296,0.0594,0.0482,0.1249
000609.SZ,strict,544,305,239,-0.0437,-0.0331,-0.0024
000609.SZ,floor,739,354,385,-0.0312,-0.0019,0.049
000609.SZ,resonance,782,480,302,-0.0204,-0.0113,0.0297
000610.SZ,strict,628,361,267,-0.0576,-0.0717,-0.0736
000610.SZ,floor,717,368,349,-0.0273,-0.0322,-0.0202
000610.SZ,resonance,883,564,319,-0.035,-0.0609,-0.0871
000612.SZ,strict,826,462,364,-0.0011,0.0264,0.0558
000612.SZ,floor,968,481,487,-0.0046,0.0222,0.0551
000612.SZ,resonance,1091,679,412,0.0128,-0.0031,0.0326
000615.SZ,strict,123,72,51,0.0929,0.0878,0.1293
000615.SZ,floor,149,75,74,0.1126,0.1217,0.1148
000615.SZ,resonance,191,128,63,0.1076,0.0835,0.1156
000617.SZ,strict,543,330,213,0.0077,0.0181,-0.0419
000617.SZ,floor,618,339,279,0.0171,0.06,0.0202
000617.SZ,resonance,836,573,263,-0.0,0.0292,0.0301
000620.SZ,strict,426,262,164,-0.0321,0.056,-0.0096
000620.SZ,floor,557,298,259,0.0164,0.1099,0.0465
000620.SZ,resonance,677,488,189,0.0131,0.0902,0.0207
000623.SZ,strict,784,425,359,-0.0182,-0.0395,-0.0261
000623.SZ,floor,808,430,378,-0.0198,-0.0359,-0.0262
000623.SZ,resonance,1061,670,391,-0.0109,-0.0256,-0.035
000626.SZ,strict,649,409,240,-0.056,-0.036,-0.0882
000626.SZ,floor,731,437,294,-0.0361,-0.0153,-0.0763
000626.SZ,resonance,922,643,279,-0.024,0.0053,-0.0261
000628.SZ,strict,953,615,338,0.0166,-0.0049,0.0272
000628.SZ,floor,1082,635,447,0.009,-0.0001,0.0207
000628.SZ,resonance,1159,792,367,0.0065,-0.0045,-0.0081
000629.SZ,strict,426,241,185,-0.0386,-0.0609,-0.0599
000629.SZ,floor,514,257,257,-0.0171,-0.0109,0.0028
000629.SZ,resonance,632,429,203,0.0138,-0.0034,-0.0209
000630.SZ,strict,618,323,295,-0.0559,-0.0421,-0.0489
000630.SZ,floor,805,363,442,-0.0325,-0.0484,-0.0569
000630.SZ,resonance,883,546,337,-0.0252,-0.0436,-0.0611
000631.SZ,strict,451,266,185,0.0145,-0.005,-0.0206
000631.SZ,floor,526,277,249,0.0319,0.0201,-0.0089
000631.SZ,resonance,704,489,215,0.0775,0.0466,0.0356
000632.SZ,strict,523,296,227,0.0275,0.0283,0.0419
000632.SZ,floor,662,320,342,0.0367,0.0343,0.0155
000632.SZ,resonance,762,512,250,0.0369,0.0312,0.0125
000633.SZ,strict,680,388,292,-0.0058,0.0078,-0.0271
000633.SZ,floor,767,405,362,-0.0011,0.0214,-0.0111
000633.SZ,resonance,944,606,338,0.0137,0.0139,-0.0112
000635.SZ,strict,312,199,113,-0.0237,0.0159,-0.0121
000635.SZ,floor,357,204,153,-0.0257,0.0195,0.0065
000635.SZ,resonance,423,297,126,-0.0221,-0.0018,0.0033
000636.SZ,strict,165,93,72,0.1151,0.0086,-0.2044
000636.SZ,floor,207,102,105,0.102,0.0295,-0.0885
000636.SZ,resonance,179,92,87,0.0781,0.1017,-0.0612
000637.SZ,strict,602,351,251,-0.031,0.0095,-0.0546
000637.SZ,floor,701,367,334,-0.0011,0.0209,-0.0442
000637.SZ,resonance,836,545,291,0.0017,0.0394,0.0102
000639.SZ,strict,430,230,200,-0.1129,-0.1223,-0.1054
000639.SZ,floor,523,246,277,-0.0771,-0.0591,-0.0444
000639.SZ,resonance,595,390,205,-0.0169,-0.0496,-0.0602
000655.SZ,strict,752,437,315,-0.0166,-0.0047,-0.0264
000655.SZ,floor,816,443,373,-0.0132,-0.0074,-0.0317
000655.SZ,resonance,1030,662,368,-0.0019,-0.0048,-0.0084
000656.SZ,strict,289,164,125,0.2301,0.2963,0.2666
000656.SZ,floor,317,168,149,0.2339,0.3188,0.2743
000656.SZ,resonance,353,235,118,0.2422,0.2867,0.2557
000657.SZ,strict,1153,678,475,-0.0149,-0.041,-0.0375
000657.SZ,floor,1457,720,737,0.0073,-0.0248,-0.0495
000657.SZ,resonance,1248,719,529,-0.028,-0.0281,-0.0204
000661.SZ,strict,929,559,370,-0.016,-0.024,-0.049
000661.SZ,floor,985,573,412,-0.0197,-0.0384,-0.0502
000661.SZ,resonance,1175,786,389,-0.0215,-0.0242,-0.0559
000663.SZ,strict,764,457,307,-0.014,0.0007,-0.0408
000663.SZ,floor,843,470,373,0.0006,0.0135,-0.0177
000663.SZ,resonance,1001,637,364,0.0043,0.0192,-0.0059
000665.SZ,strict,490,294,196,-0.0676,-0.0431,-0.0793
000665.SZ,floor,545,306,239,-0.0464,-0.0224,-0.0418
000665.SZ,resonance,753,531,222,-0.0257,-0.0065,0.0008
000669.SZ,strict,424,243,181,-0.0035,-0.0003,0.0384
000669.SZ,floor,522,265,257,0.0101,0.0371,0.0714
000669.SZ,resonance,639,425,214,0.0451,0.0179,0.057
000670.SZ,strict,97,55,42,-0.1421,-0.1641,-0.2029
000670.SZ,floor,134,58,76,-0.0485,-0.0286,0.0005
000670.SZ,resonance,137,93,44,-0.1453,-0.1425,-0.2506
000677.SZ,strict,448,248,200,-0.0051,-0.0239,-0.0483
000677.SZ,floor,569,269,300,-0.0005,0.0134,-0.0429
000677.SZ,resonance,646,411,235,0.0254,-0.0035,-0.0283
000678.SZ,strict,656,398,258,-0.0065,-0.0009,-0.0417
000678.SZ,floor,774,425,349,0.011,0.0299,-0.0007
000678.SZ,resonance,919,630,289,0.0173,0.0123,0.003
000680.SZ,strict,814,473,341,-0.0063,0.0099,-0.0326
000680.SZ,floor,904,489,415,0.0005,0.0137,-0.0329
000680.SZ,resonance,1040,676,364,-0.0027,0.0168,-0.0119
000681.SZ,strict,829,480,349,-0.0023,-0.015,-0.0047
000681.SZ,floor,948,502,446,0.0266,0.0007,0.0149
000681.SZ,resonance,1069,692,377,0.0238,0.0066,0.0071
000683.SZ,strict,817,463,354,0.0087,0.0163,-0.0408
000683.SZ,floor,917,479,438,0.0123,0.0273,-0.0271
000683.SZ,resonance,1009,630,379,0.0233,0.0341,-0.034
000686.SZ,strict,617,364,253,-0.029,-0.025,-0.0589
000686.SZ,floor,649,369,280,-0.0216,-0.0235,-0.0578
000686.SZ,resonance,900,597,303,-0.0042,0.0039,-0.0387
000688.SZ,strict,1112,637,475,-0.0046,-0.0345,-0.0468
000688.SZ,floor,1386,700,686,-0.0098,-0.0272,-0.0123
000688.SZ,resonance,1210,733,477,-0.017,-0.05,-0.0717
000692.SZ,strict,86,51,35,-0.0494,0.0023,-0.0066
000692.SZ,floor,102,55,47,-0.0324,0.0187,0.0218
000692.SZ,resonance,125,82,43,0.0586,0.0985,0.1404
000698.SZ,strict,457,256,201,-0.0082,-0.0102,-0.0167
000698.SZ,floor,501,265,236,0.0002,-0.0002,0.0032
000698.SZ,resonance,658,425,233,0.0411,0.0351,0.0179
000700.SZ,strict,853,523,330,-0.0012,0.0401,-0.0046
000700.SZ,floor,1027,555,472,0.0043,0.0383,0.0196
000700.SZ,resonance,1074,692,382,0.013,0.0593,0.0488
000701.SZ,strict,649,378,271,-0.0066,0.0026,-0.0268
000701.SZ,floor,740,392,348,-0.0027,0.0068,-0.0242
000701.SZ,resonance,896,590,306,0.0173,-0.0,-0.0224
000702.SZ,strict,683,403,280,-0.0479,-0.0425,-0.0923
000702.SZ,floor,762,411,351,-0.0356,-0.039,-0.0862
000702.SZ,resonance,937,622,315,0.0075,0.0105,-0.0129
000703.SZ,strict,963,532,431,0.0096,-0.0225,-0.0222
000703.SZ,floor,1176,568,608,0.0008,-0.0414,-0.0468
000703.SZ,resonance,1066,628,438,0.0156,0.0041,-0.0084
000707.SZ,strict,610,373,237,-0.0084,0.0013,-0.0146
000707.SZ,floor,657,387,270,-0.0051,0.0011,-0.0137
000707.SZ,resonance,879,593,286,0.0162,0.0232,0.0081
000708.SZ,strict,919,502,417,0.0031,0.0042,0.0141
000708.SZ,floor,945,504,441,0.0049,0.0096,0.0215
000708.SZ,resonance,1040,612,428,0.0127,0.0015,0.0112
000709.SZ,strict,350,170,180,0.1058,0.0953,0.1053
000709.SZ,floor,381,174,207,0.1068,0.096,0.1167
000709.SZ,resonance,512,336,176,0.1286,0.1195,0.1514
000711.SZ,strict,376,196,180,0.095,0.152,0.1412
000711.SZ,floor,524,229,295,0.0363,0.0746,0.0152
000711.SZ,resonance,521,312,209,0.1102,0.1859,0.0674
000712.SZ,strict,644,382,262,-0.0569,-0.0796,-0.0876
000712.SZ,floor,707,397,310,-0.0359,-0.0565,-0.0649
000712.SZ,resonance,939,620,319,-0.0224,-0.0233,-0.0567
000713.SZ,strict,504,288,216,-0.0474,-0.0444,-0.0888
000713.SZ,floor,520,289,231,-0.0479,-0.0443,-0.086
000713.SZ,resonance,724,478,246,-0.011,-0.0098,-0.033
000715.SZ,strict,609,360,249,-0.0265,-0.0552,-0.0619
000715.SZ,floor,666,365,301,-0.0238,-0.0516,-0.0487
000715.SZ,resonance,862,573,289,0.0066,-0.0119,0.0064
000717.SZ,strict,406,221,185,0.0466,-0.0039,-0.0016
000717.SZ,floor,459,231,228,0.0707,0.0274,0.0311
000717.SZ,resonance,563,387,176,0.1069,0.0634,0.0933
000719.SZ,strict,751,397,354,-0.0282,-0.0209,-0.0177
000719.SZ,floor,804,398,406,-0.0187,-0.0093,-0.0024
000719.SZ,resonance,943,563,380,-0.0177,-0.0206,-0.0286
000720.SZ,strict,517,316,201,0.0346,-0.0576,0.0271
000720.SZ,floor,613,337,276,0.0528,0.0017,0.0925
000720.SZ,resonance,720,496,224,0.0229,-0.0322,0.0271
000721.SZ,strict,593,342,251,-0.0508,-0.0754,-0.0526
000721.SZ,floor,665,359,306,-0.0358,-0.0537,-0.0361
000721.SZ,resonance,883,582,301,-0.0234,-0.0416,-0.047
000722.SZ,strict,698,403,295,-0.0355,-0.0409,0.0021
000722.SZ,floor,781,418,363,-0.0231,-0.023,0.0096
000722.SZ,resonance,952,598,354,-0.0294,-0.0266,-0.0022
000726.SZ,strict,597,322,275,-0.0222,-0.0348,-0.0385
000726.SZ,floor,614,322,292,-0.0193,-0.0287,-0.0317
000726.SZ,resonance,815,507,308,0.0025,-0.0101,-0.0087
000728.SZ,strict,398,220,178,-0.0383,-0.0631,-0.0678
000728.SZ,floor,420,225,195,-0.0213,-0.0459,-0.0547
000728.SZ,resonance,556,374,182,-0.0089,-0.0134,-0.0153
000729.SZ,strict,733,401,332,0.0036,0.0276,-0.0106
000729.SZ,floor,787,408,379,0.0094,0.0301,0.0092
000729.SZ,resonance,956,593,363,0.0181,0.0183,-0.0128
000731.SZ,strict,565,343,222,-0.0309,-0.0072,-0.0301
000731.SZ,floor,652,382,270,-0.0176,-0.014,-0.0124
000731.SZ,resonance,800,527,273,0.0255,0.054,0.0561
000733.SZ,strict,1043,607,436,0.0199,0.0247,0.0175
000733.SZ,floor,1148,631,517,0.0225,0.02,0.0162
000733.SZ,resonance,1217,747,470,0.02,0.0255,0.0102
000737.SZ,strict,827,457,370,-0.0002,0.0177,-0.031
000737.SZ,floor,983,488,495,0.0113,0.0204,-0.0356
000737.SZ,resonance,1069,640,429,0.0077,-0.0103,-0.0599
000750.SZ,strict,247,128,119,-0.0072,0.0038,-0.0566
000750.SZ,floor,260,131,129,0.0024,0.0119,-0.0547
000750.SZ,resonance,359,241,118,0.0188,0.0127,-0.0296
000751.SZ,strict,638,374,264,-0.0832,-0.0933,-0.1331
000751.SZ,floor,809,413,396,-0.0616,-0.053,-0.0903
000751.SZ,resonance,848,576,272,-0.0562,-0.074,-0.089
000752.SZ,strict,569,326,243,-0.0411,-0.0013,0.001
000752.SZ,floor,643,342,301,-0.0568,-0.01,0.0051
000752.SZ,resonance,829,570,259,-0.0021,0.0109,-0.0136
000753.SZ,strict,577,361,216,-0.028,0.0045,0.0062
000753.SZ,floor,640,374,266,-0.0622,-0.0182,-0.0252
000753.SZ,resonance,872,617,255,-0.0107,-0.0005,-0.0054
000755.SZ,strict,502,262,240,-0.0203,-0.0049,0.0135
000755.SZ,floor,535,267,268,-0.0119,-0.0038,0.0004
000755.SZ,resonance,764,491,273,0.0027,0.0166,0.0192
000756.SZ,strict,665,387,278,-0.0175,-0.0181,0.006
000756.SZ,floor,718,397,321,-0.0323,-0.0345,-0.0081
000756.SZ,resonance,945,611,334,-0.0036,0.004,-0.0163
000757.SZ,strict,590,348,242,-0.0209,-0.0572,-0.0943
000757.SZ,floor,643,358,285,-0.0018,-0.0405,-0.0919
000757.SZ,resonance,838,552,286,0.0109,-0.0018,-0.0513
000758.SZ,strict,691,380,311,-0.0425,-0.0311,-0.0517
000758.SZ,floor,804,400,404,-0.0183,0.0005,-0.0091
000758.SZ,resonance,898,561,337,-0.011,-0.0086,-0.0165
000759.SZ,strict,547,339,208,-0.0173,-0.0091,-0.0795
000759.SZ,floor,668,357,311,-0.011,-0.014,-0.0246
000759.SZ,resonance,786,551,235,0.039,0.0381,-0.0166
000761.SZ,strict,480,278,202,0.042,0.0347,0.0222
000761.SZ,floor,553,292,261,0.0572,0.0503,0.0084
000761.SZ,resonance,706,477,229,0.0713,0.082,0.0465
000762.SZ,strict,1056,626,430,-0.0124,-0.0052,-0.0192
000762.SZ,floor,1227,666,561,-0.0242,-0.0271,-0.0457
000762.SZ,resonance,1216,783,433,0.0164,0.0099,-0.0177
000766.SZ,strict,844,473,371,-0.0254,-0.0327,-0.0252
000766.SZ,floor,956,497,459,-0.0164,-0.0494,-0.0642
000766.SZ,resonance,1099,675,424,-0.0189,-0.0284,-0.0326
000767.SZ,strict,493,266,227,-0.0163,-0.0274,0.0016
000767.SZ,floor,644,289,355,0.0044,-0.0234,0.0012
000767.SZ,resonance,662,420,242,0.0177,0.0108,0.0229
000776.SZ,strict,149,99,50,0.0098,0.0226,-0.1002
000776.SZ,floor,174,101,73,0.0043,0.0199,-0.1178
000776.SZ,resonance,162,112,50,-0.0185,0.0107,-0.0878
000777.SZ,strict,892,546,346,0.012,0.0022,-0.0292
000777.SZ,floor,975,566,409,0.0151,0.0045,-0.0186
000777.SZ,resonance,1125,745,380,0.011,0.0095,-0.0147
000778.SZ,strict,179,108,71,-0.0018,-0.0051,0.0638
000778.SZ,floor,186,109,77,-0.0005,-0.0,0.0622
000778.SZ,resonance,311,233,78,0.025,0.0293,0.0689
000782.SZ,strict,706,425,281,-0.0234,-0.0093,0.0091
000782.SZ,floor,860,446,414,-0.0041,0.0124,0.0249
000782.SZ,resonance,1012,669,343,0.0013,0.0232,0.0061
000783.SZ,strict,630,363,267,-0.0301,-0.0296,-0.0657
000783.SZ,floor,688,370,318,-0.0287,-0.0353,-0.0683
000783.SZ,resonance,864,569,295,0.0001,-0.011,-0.0192
000785.SZ,strict,376,200,176,-0.0389,-0.028,0.0226
000785.SZ,floor,413,207,206,-0.0208,-0.0031,0.0443
000785.SZ,resonance,569,397,172,0.0182,0.0036,0.0245
000786.SZ,strict,916,551,365,-0.0245,-0.0221,-0.0185
000786.SZ,floor,975,553,422,-0.0205,-0.0146,-0.0103
000786.SZ,resonance,1149,726,423,-0.023,-0.0186,-0.0226
000788.SZ,strict,582,328,254,-0.0126,-0.0142,-0.0088
000788.SZ,floor,648,341,307,-0.0168,-0.0165,-0.0146
000788.SZ,resonance,845,554,291,-0.0026,0.0025,-0.0358
000790.SZ,strict,603,371,232,-0.0485,-0.0344,-0.0423
000790.SZ,floor,679,379,300,-0.0249,-0.0151,-0.0258
000790.SZ,resonance,826,548,278,-0.0043,-0.007,-0.0289
000793.SZ,strict,387,241,146,-0.0302,0.0132,-0.0026
000793.SZ,floor,442,247,195,-0.0403,0.005,-0.0071
000793.SZ,resonance,541,394,147,0.0265,0.0506,0.0421
000795.SZ,strict,564,314,250,-0.0226,-0.0269,-0.1002
000795.SZ,floor,620,320,300,-0.031,-0.0272,-0.1046
000795.SZ,resonance,789,501,288,-0.006,-0.0328,-0.0698
000796.SZ,strict,537,335,202,-0.0158,0.0262,0.0118
000796.SZ,floor,625,353,272,-0.0188,0.022,0.032
000796.SZ,resonance,810,580,230,0.0175,0.0206,0.0093
