sym,date,side,entry_time,entry_price,exit_time,exit_price,exit_reason,pnl_pct
161129.SZ,2026-06-26,short,10:14:00,1.451,13:32:00,1.429,TRAIL,1.5395
161129.SZ,2026-06-29,long,09:34:00,1.45,14:08:00,1.436,S,-0.9655
161129.SZ,2026-06-30,short,09:33:00,1.437,10:02:00,1.434,B,0.2092
161129.SZ,2026-07-01,short,09:33:00,1.434,09:39:00,1.43,B,0.2797
161129.SZ,2026-07-01,long,09:41:00,1.43,15:00:00,1.426,EOD,-0.2797
161129.SZ,2026-07-02,long,09:33:00,1.375,09:36:00,1.38,S,0.3636
161129.SZ,2026-07-02,short,09:37:00,1.38,15:00:00,1.385,EOD,-0.361
161129.SZ,2026-07-03,long,09:33:00,1.391,09:41:00,1.395,S,0.2876
161129.SZ,2026-07-03,short,09:42:00,1.398,14:13:00,1.412,B,-0.9915
161129.SZ,2026-07-06,long,09:33:00,1.402,09:54:00,1.405,S,0.214
161129.SZ,2026-07-06,long,14:26:00,1.423,15:00:00,1.418,EOD,-0.3514
161129.SZ,2026-07-07,short,09:38:00,1.43,10:09:00,1.433,TRAIL,-0.2094
161129.SZ,2026-07-07,short,10:25:00,1.45,11:09:00,1.447,TRAIL,0.2073
161129.SZ,2026-07-08,short,09:33:00,1.556,09:39:00,1.556,TRAIL,0.0
161129.SZ,2026-07-08,short,09:40:00,1.556,10:48:00,1.553,TRAIL,0.1932
161129.SZ,2026-07-08,long,13:44:00,1.563,14:19:00,1.573,TRAIL,0.6398
161129.SZ,2026-07-08,long,14:57:00,1.597,15:00:00,1.587,EOD,-0.6262
161129.SZ,2026-07-09,short,09:33:00,1.694,09:37:00,1.683,B,0.6536
161129.SZ,2026-07-09,long,09:38:00,1.676,09:49:00,1.673,TRAIL,-0.179
161129.SZ,2026-07-09,short,10:50:00,1.703,13:17:00,1.696,TRAIL,0.4127
161129.SZ,2026-07-09,long,13:49:00,1.65,14:09:00,1.632,S,-1.0909
161129.SZ,2026-07-10,short,09:34:00,1.561,09:38:00,1.566,TRAIL,-0.3193
161129.SZ,2026-07-10,short,09:39:00,1.562,11:09:00,1.608,B,-2.8607
161129.SZ,2026-07-10,short,13:02:00,1.617,14:32:00,1.577,TRAIL,2.5365
161129.SZ,2026-07-10,short,14:46:00,1.603,15:00:00,1.59,EOD,0.8176
161129.SZ,2026-07-13,short,09:36:00,1.695,09:43:00,1.684,B,0.6532
161129.SZ,2026-07-13,long,10:32:00,1.674,13:33:00,1.71,TRAIL,2.1505
161129.SZ,2026-07-13,long,14:22:00,1.706,14:44:00,1.701,TRAIL,-0.2931
161129.SZ,2026-07-14,short,09:33:00,1.865,09:36:00,1.874,TRAIL,-0.4803
161129.SZ,2026-07-14,short,09:37:00,1.878,10:24:00,1.848,B,1.6234
161129.SZ,2026-07-14,short,10:50:00,1.86,11:09:00,1.868,B,-0.4283
161129.SZ,2026-07-14,long,13:33:00,1.848,14:28:00,1.88,S,1.7316
161129.SZ,2026-07-15,short,14:09:00,1.947,14:26:00,1.942,TRAIL,0.2575
161129.SZ,2026-07-16,long,11:18:00,1.823,15:00:00,1.756,EOD,-3.6753
161129.SZ,2026-07-17,long,09:33:00,1.794,09:39:00,1.823,S,1.6165
161129.SZ,2026-07-17,short,09:40:00,1.818,09:57:00,1.798,TRAIL,1.1123
161129.SZ,2026-07-17,short,10:26:00,1.796,10:35:00,1.783,TRAIL,0.7291
161129.SZ,2026-07-17,long,10:45:00,1.734,11:19:00,1.745,TRAIL,0.6344
161129.SZ,2026-07-17,long,13:43:00,1.744,13:56:00,1.753,TRAIL,0.5161
161129.SZ,2026-07-20,long,09:34:00,1.915,09:40:00,1.912,TRAIL,-0.1567
161129.SZ,2026-07-20,short,09:44:00,1.938,09:47:00,1.946,TRAIL,-0.4111
161129.SZ,2026-07-20,short,13:40:00,1.966,15:00:00,1.995,EOD,-1.4536
161129.SZ,2026-07-21,short,10:31:00,1.958,10:35:00,1.936,B,1.1364
161129.SZ,2026-07-21,long,10:38:00,1.921,10:43:00,1.941,TRAIL,1.0411
161129.SZ,2026-07-21,long,14:35:00,1.91,15:00:00,1.908,EOD,-0.1047
161129.SZ,2026-07-22,short,09:43:00,2.033,10:13:00,2.02,B,0.6436
161129.SZ,2026-07-22,short,13:07:00,2.016,13:51:00,2.008,TRAIL,0.3984
161129.SZ,2026-07-22,short,14:31:00,2.047,15:00:00,2.019,EOD,1.3868
161129.SZ,2026-07-23,short,13:56:00,2.137,14:17:00,2.116,B,0.9924
161129.SZ,2026-07-23,long,14:32:00,2.117,15:00:00,2.136,EOD,0.8975
513310.SH,2026-06-26,long,10:43:00,6.372,13:15:00,6.424,S,0.8161
513310.SH,2026-06-26,short,13:17:00,6.448,13:21:00,6.432,TRAIL,0.2488
513310.SH,2026-06-26,short,13:33:00,6.499,13:48:00,6.506,B,-0.1076
513310.SH,2026-06-29,short,10:31:00,6.383,10:37:00,6.275,B,1.7211
513310.SH,2026-06-29,long,13:03:00,6.423,13:19:00,6.478,S,0.8563
513310.SH,2026-06-29,short,13:42:00,6.547,14:09:00,6.572,B,-0.3804
513310.SH,2026-06-29,long,14:30:00,6.59,15:00:00,6.574,EOD,-0.2428
513310.SH,2026-06-30,short,10:42:00,6.72,14:19:00,6.734,B,-0.2079
513310.SH,2026-07-01,long,10:31:00,6.79,15:00:00,6.473,EOD,-4.6686
513310.SH,2026-07-02,short,10:31:00,6.175,11:29:00,6.193,B,-0.2907
513310.SH,2026-07-02,long,13:04:00,6.153,13:12:00,6.155,TRAIL,0.0325
513310.SH,2026-07-02,long,13:36:00,6.062,14:34:00,6.008,S,-0.8908
513310.SH,2026-07-03,short,10:46:00,6.175,11:10:00,6.165,B,0.1622
513310.SH,2026-07-03,long,11:14:00,6.129,13:10:00,6.22,TRAIL,1.4847
513310.SH,2026-07-03,long,13:25:00,6.192,13:47:00,6.186,TRAIL,-0.0969
513310.SH,2026-07-03,long,13:50:00,6.184,14:17:00,6.167,TRAIL,-0.2749
513310.SH,2026-07-03,long,14:27:00,6.137,14:34:00,6.133,TRAIL,-0.0652
513310.SH,2026-07-06,long,13:24:00,6.081,13:31:00,6.118,TRAIL,0.6085
513310.SH,2026-07-06,long,14:12:00,6.112,15:00:00,6.06,EOD,-0.8508
513310.SH,2026-07-07,long,11:22:00,6.017,13:34:00,6.031,TRAIL,0.2327
513310.SH,2026-07-08,long,10:31:00,5.994,11:18:00,6.022,S,0.4671
513310.SH,2026-07-08,long,13:27:00,5.96,15:00:00,5.831,EOD,-2.1644
513310.SH,2026-07-09,short,11:28:00,5.938,15:00:00,6.15,EOD,-3.4472
513310.SH,2026-07-10,short,11:01:00,6.231,13:07:00,6.204,B,0.4352
513310.SH,2026-07-10,long,14:09:00,6.092,14:21:00,6.126,S,0.5581
513310.SH,2026-07-10,long,14:32:00,6.072,15:00:00,5.969,EOD,-1.6963
513310.SH,2026-07-13,short,10:31:00,5.908,10:36:00,5.864,B,0.7503
513310.SH,2026-07-13,long,10:39:00,5.825,10:49:00,5.814,TRAIL,-0.1888
513310.SH,2026-07-13,long,11:09:00,5.78,15:00:00,5.598,EOD,-3.1488
513310.SH,2026-07-14,long,10:52:00,5.464,13:03:00,5.494,TRAIL,0.549
513310.SH,2026-07-14,short,13:07:00,5.636,13:19:00,5.664,TRAIL,-0.4944
513310.SH,2026-07-14,long,14:18:00,5.697,15:00:00,5.66,EOD,-0.6495
513310.SH,2026-07-15,long,11:07:00,5.739,11:21:00,5.733,TRAIL,-0.1045
513310.SH,2026-07-15,short,13:27:00,5.743,14:00:00,5.722,B,0.367
513310.SH,2026-07-15,long,14:08:00,5.701,15:00:00,5.574,EOD,-2.2277
513310.SH,2026-07-16,long,10:41:00,5.357,11:04:00,5.426,TRAIL,1.288
513310.SH,2026-07-16,long,13:04:00,5.394,13:17:00,5.407,S,0.241
513310.SH,2026-07-16,long,14:05:00,5.301,14:12:00,5.291,TRAIL,-0.1886
513310.SH,2026-07-17,long,10:38:00,4.818,10:43:00,4.813,TRAIL,-0.1038
513310.SH,2026-07-17,long,10:46:00,4.828,11:00:00,4.847,S,0.3935
513310.SH,2026-07-17,short,14:13:00,4.84,14:22:00,4.801,TRAIL,0.8123
513310.SH,2026-07-17,long,14:43:00,4.685,15:00:00,4.636,EOD,-1.0459
513310.SH,2026-07-20,long,09:33:00,4.737,09:39:00,4.831,S,1.9844
513310.SH,2026-07-20,short,09:41:00,4.822,09:44:00,4.774,B,1.0054
513310.SH,2026-07-20,long,10:17:00,4.726,11:06:00,4.727,TRAIL,0.0212
513310.SH,2026-07-20,long,13:10:00,4.704,14:48:00,4.527,S,-3.7628
513310.SH,2026-07-21,short,09:35:00,4.719,09:45:00,4.697,B,0.4684
513310.SH,2026-07-21,short,10:08:00,4.672,11:14:00,4.931,B,-5.2525
513310.SH,2026-07-21,long,13:19:00,4.907,13:52:00,4.939,S,0.6521
513310.SH,2026-07-22,short,09:33:00,5.282,10:40:00,5.319,B,-0.6956
513310.SH,2026-07-22,long,11:04:00,5.305,11:25:00,5.321,S,0.3016
513310.SH,2026-07-22,short,11:30:00,5.331,13:18:00,5.187,B,2.7762
513310.SH,2026-07-22,long,13:19:00,5.188,13:27:00,5.166,TRAIL,-0.4241
513310.SH,2026-07-22,long,13:31:00,5.167,13:56:00,5.149,TRAIL,-0.3484
513310.SH,2026-07-22,long,14:08:00,5.105,14:20:00,5.113,S,0.1567
513310.SH,2026-07-22,long,14:49:00,5.061,15:00:00,5.042,EOD,-0.3754
513310.SH,2026-07-23,short,09:35:00,5.277,09:42:00,5.212,B,1.2471
513310.SH,2026-07-23,long,09:50:00,5.225,13:38:00,5.26,S,0.6699
